,GLD,IYR,SPY,VDE,XLB,XLE,XLF,XLI,XLK,XLP,XLU,XLV,XLY
2005-01-13,42.599998,57.549999,117.620003,52.049999,28.65,36.139999,24.077986,29.889999,20.16,23.059999,27.32,29.549999,34.189999
2005-01-14,42.32,58.220001,118.239998,52.360001,28.92,36.459999,24.15922,30.09,20.219999,23.190001,27.549999,29.67,34.509998
2005-01-18,42.32,58.860001,119.470001,52.77,29.030001,36.82,24.541023,30.209999,20.440001,23.43,27.790001,29.91,34.799999
2005-01-19,42.259998,58.955002,118.220001,52.869999,28.83,36.689999,24.297319,29.969999,20.01,23.389999,27.67,29.719999,34.450001
2005-01-20,42.25,58.584999,117.5,52.48,28.67,36.32,24.118603,29.700001,19.870001,23.370001,27.58,29.57,33.830002
2005-01-21,42.740002,58.724998,116.779999,52.68,28.549999,36.400002,23.996752,29.51,19.73,23.17,27.469999,29.370001,33.709999
2005-01-24,42.77,58.150002,116.550003,52.900002,28.15,36.720001,24.004873,29.42,19.57,23.08,27.709999,29.120001,33.380001
2005-01-25,42.240002,56.959999,116.879997,53.150002,28.299999,36.869999,24.02112,29.700001,19.6,23.17,27.549999,29.32,33.470001
2005-01-26,42.689999,57.049999,117.230003,53.630001,28.35,37.23,24.13485,29.76,19.799999,23.15,27.950001,29.5,33.650002
2005-01-27,42.619999,56.450001,117.43,54.150002,28.5,37.560001,24.012999,29.84,19.780001,23.280001,28.09,29.440001,33.580002
2005-01-28,42.689999,56.709999,117.43,53.66,28.469999,37.110001,23.980503,29.809999,19.780001,23.290001,28.120001,29.200001,33.419998
2005-01-31,42.220001,56.349998,118.160004,54.369999,28.82,37.549999,24.264826,30.200001,19.92,23.35,28.440001,29.25,33.779999
2005-02-01,42.099998,57.195,118.910004,55.200001,29.059999,38.189999,24.524776,30.290001,20.040001,23.360001,28.629999,29.530001,33.810001
2005-02-02,42.16,57.849998,119.269997,56.09,29.360001,38.720001,24.524776,30.290001,20.049999,23.549999,28.74,29.65,33.91
2005-02-03,41.68,57.674999,118.959999,56.290001,29.190001,38.91,24.411049,30.200001,19.92,23.51,28.82,29.559999,33.84
2005-02-04,41.470001,58.5,120.230003,56.599998,29.52,39.049999,24.703493,30.450001,20.26,23.639999,29.1,29.83,34.150002
2005-02-07,41.27,58.369999,120.07,56.119999,29.51,38.790001,24.727863,30.43,20.200001,23.59,29.040001,29.85,34.240002
2005-02-08,41.259998,58.505001,120.209999,56.68,29.51,39.07,24.630383,30.6,20.299999,23.620001,29.209999,29.92,34.16
2005-02-09,41.310001,58.849998,119.309998,56.439999,29.1,39.0,24.565393,30.280001,19.950001,23.41,29.040001,29.6,33.779999
2005-02-10,41.75,59.060001,119.739998,57.900002,29.49,40.07,24.638506,30.42,19.99,23.4,29.07,29.65,33.919998
2005-02-11,42.080002,59.299999,120.769997,58.57,29.780001,40.419998,24.833469,30.620001,20.18,23.540001,29.09,29.950001,34.09
2005-02-14,42.549999,59.415001,120.68,58.66,29.809999,40.470001,24.79285,30.59,20.219999,23.549999,29.35,29.969999,34.040001
2005-02-15,42.580002,59.595001,121.129997,58.639999,29.969999,40.560001,24.849716,30.690001,20.32,23.59,29.299999,29.959999,34.310001
2005-02-16,42.52,59.900002,121.209999,60.25,30.35,41.700001,24.679123,30.780001,20.25,23.65,29.379999,29.92,34.25
2005-02-17,42.73,59.865002,120.230003,59.509998,30.24,41.139999,24.459789,30.5,19.92,23.5,29.32,29.879999,34.080002
2005-02-18,42.75,59.25,120.389999,60.779999,30.58,42.049999,24.199839,30.5,19.879999,23.469999,29.01,30.33,34.009998
2005-02-22,43.57,57.654999,118.599998,60.32,30.120001,41.75,23.842405,30.01,19.77,23.120001,28.32,29.969999,33.34
2005-02-23,43.419998,57.689999,119.449997,61.080002,30.58,42.279999,24.061737,30.049999,19.709999,23.18,28.469999,30.110001,33.549999
2005-02-24,43.330002,57.5,120.239998,62.16,30.91,43.110001,24.094233,30.48,19.879999,23.290001,28.690001,30.34,33.580002
2005-02-25,43.5,58.625,121.43,63.779999,31.389999,44.169998,24.337936,30.73,20.01,23.370001,29.25,30.59,33.740002
2005-02-28,43.529999,58.23,120.629997,63.369999,31.09,43.849998,24.102356,30.549999,19.950001,23.32,29.049999,30.129999,33.599998
2005-03-01,43.220001,58.73,121.230003,62.09,31.129999,43.0,24.337936,30.65,20.190001,23.51,29.129999,30.370001,33.98
2005-03-02,43.25,58.5,121.169998,62.950001,31.040001,43.630001,24.264826,30.74,20.139999,23.450001,29.1,30.4,34.0
2005-03-03,42.970001,58.605,121.220001,63.84,31.01,44.349998,24.224209,30.809999,19.99,23.610001,29.25,30.370001,33.959999
2005-03-04,43.380001,59.825001,122.730003,64.720001,31.98,44.919998,24.5329,31.24,20.120001,23.73,29.709999,30.65,34.25
2005-03-07,43.470001,60.400002,122.790001,64.25,31.629999,44.610001,24.5329,31.389999,20.27,23.66,29.92,30.719999,34.279999
2005-03-08,44.029999,59.799999,122.330002,64.029999,31.549999,44.560001,24.492283,31.370001,20.1,23.549999,29.719999,30.52,34.099998
2005-03-09,44.02,58.049999,120.970001,62.380001,31.620001,43.330002,24.191713,31.030001,20.059999,23.379999,29.190001,30.33,33.720001
2005-03-10,44.200001,58.5,121.239998,61.009998,31.219999,42.450001,24.329813,31.1,20.15,23.43,29.379999,30.440001,33.779999
2005-03-11,44.43,57.654999,120.389999,61.540001,31.41,42.799999,24.118603,31.02,19.889999,23.25,29.25,30.200001,33.740002
2005-03-14,44.029999,58.564999,121.139999,61.959999,31.4,43.110001,24.248577,31.190001,19.969999,23.32,29.700001,30.25,33.790001
2005-03-15,44.060001,58.435001,120.139999,61.099998,31.25,42.509998,24.086109,31.02,19.77,23.18,29.57,29.9,33.830002
2005-03-16,44.310001,57.709999,119.120003,61.360001,30.58,42.650002,23.842405,30.66,19.57,23.120001,29.299999,29.610001,33.630001
2005-03-17,43.82,58.325001,119.360001,62.27,30.940001,43.389999,23.777416,30.65,19.559999,23.200001,29.469999,29.709999,33.66
2005-03-18,43.889999,57.935001,118.540001,63.049999,30.83,43.779999,23.533712,30.58,19.450001,23.030001,29.16,29.58,33.419998
2005-03-21,43.09,57.5,118.099998,62.599998,30.65,43.400002,23.322502,30.68,19.450001,22.9,29.15,29.459999,33.259998
2005-03-22,42.650002,56.5,116.900002,61.900002,30.549999,42.880001,22.891958,30.51,19.280001,22.77,28.559999,29.469999,32.98
2005-03-23,42.419998,56.200001,117.0,60.630001,30.25,42.060001,22.940699,30.32,19.360001,22.92,28.42,29.790001,32.869999
2005-03-24,42.389999,55.705002,117.139999,60.580002,30.25,42.029999,22.826969,30.469999,19.370001,22.91,28.719999,29.799999,32.919998
2005-03-28,42.540001,55.674999,117.309998,60.610001,30.08,42.080002,22.989439,30.440001,19.389999,22.93,28.77,29.780001,33.150002
2005-03-29,42.560001,55.595001,116.529999,59.540001,29.41,41.400002,22.908205,29.940001,19.24,22.879999,28.41,29.68,32.73
2005-03-30,42.610001,56.310001,118.18,60.34,29.91,42.02,23.192526,30.51,19.530001,23.18,28.870001,30.15,33.259998
2005-03-31,42.82,56.099998,117.959999,61.599998,30.16,42.869999,23.062551,30.43,19.559999,23.02,29.15,29.860001,33.16
2005-04-01,42.619999,56.25,117.43,63.07,30.07,43.93,22.745735,30.139999,19.389999,22.799999,29.25,29.6,32.900002
2005-04-04,42.400002,55.974998,117.629997,62.610001,29.889999,43.549999,22.908205,30.110001,19.459999,22.93,29.33,29.75,32.990002
2005-04-05,42.450001,56.0,118.190002,61.75,29.950001,43.0,22.973192,30.26,19.5,23.1,29.5,30.35,33.189999
2005-04-06,42.630001,56.490002,118.599998,62.860001,30.1,43.68,23.127539,30.27,19.469999,23.040001,29.41,30.370001,33.049999
2005-04-07,42.57,56.700001,119.239998,62.57,30.43,43.509998,23.216896,30.52,19.73,23.200001,29.68,30.68,33.200001
2005-04-08,42.689999,55.775002,118.0,61.549999,29.99,42.720001,23.005686,30.209999,19.59,23.09,29.450001,30.459999,32.939999
2005-04-11,42.779999,56.450001,118.089996,61.830002,29.889999,43.040001,23.054426,30.27,19.48,23.15,29.74,30.43,32.759998
2005-04-12,42.84,57.509998,118.699997,60.93,29.860001,42.360001,23.371243,30.51,19.6,23.24,30.02,30.629999,33.07
2005-04-13,42.900002,57.395,117.300003,59.419998,29.030001,41.32,23.030058,29.98,19.32,23.129999,29.809999,30.77,32.57
2005-04-14,42.310001,57.049999,115.769997,59.119999,28.219999,41.299999,22.770105,29.530001,19.049999,23.08,29.530001,30.65,32.119999
2005-04-15,42.400002,56.779999,114.150002,56.790001,27.52,39.73,22.526402,28.950001,18.469999,22.860001,29.01,30.799999,31.469999
2005-04-18,42.689999,57.0,114.5,57.799999,27.959999,40.450001,22.713242,29.040001,18.49,22.709999,29.120001,30.59,31.530001
2005-04-19,43.279999,57.5,115.410004,59.209999,28.299999,41.400002,22.745735,29.17,18.719999,22.77,29.530001,30.57,31.57
2005-04-20,43.400002,57.200001,113.800003,58.240002,27.83,40.549999,22.461412,28.870001,18.549999,22.48,29.27,30.190001,31.049999
2005-04-21,43.189999,57.474998,116.010002,59.869999,28.35,41.950001,22.591389,29.639999,19.049999,22.860001,29.530001,30.6,31.82
2005-04-22,43.389999,57.465,115.57,60.07,28.08,42.040001,22.534525,29.290001,18.82,22.620001,29.719999,30.49,31.34
2005-04-25,43.439999,58.400002,116.330002,60.91,28.360001,42.630001,22.818846,29.639999,18.950001,22.860001,29.92,30.559999,31.620001
2005-04-26,43.639999,58.360001,115.199997,60.119999,27.82,41.93,22.688871,29.26,18.82,22.690001,29.540001,30.370001,31.4
2005-04-27,43.200001,58.830002,115.650002,58.619999,27.549999,40.849998,23.005686,29.299999,18.889999,22.77,29.76,30.6,31.440001
2005-04-28,43.0,58.544998,114.199997,57.169998,27.33,40.029999,22.753859,28.98,18.700001,22.719999,29.629999,30.450001,30.98
2005-04-29,43.349998,59.255001,115.75,57.779999,28.01,40.549999,23.103168,29.32,18.870001,22.780001,30.049999,30.9,31.049999
2005-05-02,42.880001,59.185001,116.400002,58.970001,28.24,41.279999,23.160032,29.48,18.85,22.950001,30.129999,31.030001,31.209999
2005-05-03,42.759998,59.474998,116.599998,57.5,28.42,40.310001,23.184402,29.27,18.98,23.049999,29.98,31.01,31.33
2005-05-04,42.900002,59.650002,117.5,58.25,28.860001,40.779999,23.631193,29.610001,19.110001,23.200001,30.01,31.32,32.0
2005-05-05,42.91,60.009998,117.459999,58.68,28.690001,41.220001,23.525589,29.459999,19.08,23.16,29.889999,31.309999,31.809999
2005-05-06,42.52,59.615002,117.089996,58.830002,28.76,41.099998,23.354996,29.58,19.129999,23.07,29.82,31.17,31.809999
2005-05-09,42.549999,60.605,117.82,59.52,28.719999,41.650002,23.558083,29.780001,19.209999,23.209999,30.07,31.4,31.99
2005-05-10,42.639999,60.5,116.599998,58.540001,28.290001,40.950001,23.249392,29.43,19.01,23.08,29.85,31.200001,31.6
2005-05-11,42.689999,60.68,117.239998,58.900002,28.32,41.200001,23.354996,29.639999,19.1,23.16,29.99,31.33,31.59
2005-05-12,42.16,60.150002,115.949997,56.450001,27.549999,39.400002,23.135662,29.32,19.120001,23.049999,29.65,31.290001,31.43
2005-05-13,41.950001,59.549999,115.720001,55.59,27.01,38.799999,22.932575,29.17,19.360001,22.85,29.17,31.08,31.41
2005-05-16,41.880001,60.27,116.800003,54.950001,27.129999,38.630001,23.338749,29.58,19.540001,23.07,29.360001,31.450001,31.799999
2005-05-17,41.860001,60.630001,117.580002,56.25,27.51,39.32,23.484972,29.780001,19.610001,23.190001,29.700001,31.43,32.07
2005-05-18,42.049999,61.330002,118.790001,55.959999,28.209999,39.240002,23.761169,30.23,19.889999,23.41,29.709999,31.5,32.700001
2005-05-19,41.98,62.345001,119.290001,57.099998,28.07,39.950001,23.78554,30.27,20.0,23.549999,29.879999,31.49,32.959999
2005-05-20,41.650002,62.325001,119.120003,56.599998,27.889999,39.650002,23.761169,30.26,20.030001,23.52,29.870001,31.469999,32.869999
2005-05-23,41.619999,62.345001,119.779999,57.66,28.110001,40.310001,23.793665,30.469999,20.1,23.559999,29.76,31.530001,33.080002
2005-05-24,41.73,61.650002,119.5,57.970001,28.02,40.48,23.712429,30.389999,20.200001,23.52,29.76,31.57,33.02
2005-05-25,41.869999,60.919998,119.410004,58.66,27.73,41.099998,23.631193,30.129999,20.110001,23.440001,29.84,31.370001,32.919998
2005-05-26,41.689999,60.689999,120.050003,59.16,27.940001,41.310001,23.78554,30.35,20.34,23.459999,29.92,31.49,33.09
2005-05-27,41.880001,61.0,120.25,60.049999,28.030001,42.0,23.826159,30.33,20.309999,23.389999,30.040001,31.389999,33.09
2005-05-31,41.650002,61.474998,119.480003,59.599998,27.83,41.68,23.78554,30.25,20.18,23.309999,30.030001,31.290001,32.970001
2005-06-01,41.529999,62.325001,120.5,60.57,28.25,42.470001,23.97238,30.360001,20.379999,23.469999,30.42,31.370001,33.110001
2005-06-02,42.099998,62.150002,120.760002,60.630001,28.16,42.389999,23.907393,30.360001,20.469999,23.530001,30.379999,31.370001,33.279999
2005-06-03,42.169998,61.939999,120.150002,61.02,28.1,42.630001,23.78554,30.219999,20.25,23.34,30.48,31.26,33.040001
2005-06-06,42.48,62.549999,120.040001,61.279999,28.02,42.759998,23.842405,30.24,20.219999,23.35,30.450001,31.27,33.09
2005-06-07,42.380001,63.0,120.129997,60.869999,28.190001,42.349998,23.826159,30.370001,20.139999,23.440001,30.52,31.280001,33.139999
2005-06-08,42.34,63.330002,119.910004,60.830002,28.0,42.470001,23.842405,30.18,20.18,23.379999,30.58,31.059999,33.0
2005-06-09,42.27,63.400002,120.480003,62.459999,27.879999,43.700001,23.915516,30.190001,20.280001,23.389999,30.610001,31.190001,33.130001
2005-06-10,42.619999,63.34,120.199997,62.41,28.129999,43.650002,23.842405,30.15,20.17,23.370001,30.719999,31.120001,33.130001
2005-06-13,42.779999,63.700001,120.580002,62.860001,28.309999,43.82,23.842405,30.200001,20.25,23.450001,30.85,31.25,33.18
2005-06-14,42.599998,64.18,120.860001,63.049999,28.360001,44.09,23.907393,30.129999,20.129999,23.41,30.93,31.52,33.529999
2005-06-15,42.740002,64.010002,121.089996,63.779999,28.629999,44.619999,23.964256,30.16,20.25,23.42,30.780001,31.4,33.529999
2005-06-16,43.459999,64.279999,121.400002,64.699997,28.93,45.25,24.086109,30.190001,20.290001,23.35,30.73,31.6,33.599998
2005-06-17,43.630001,65.040001,121.360001,65.839996,28.799999,45.84,24.069862,30.360001,20.299999,23.299999,30.870001,31.66,33.689999
2005-06-20,43.66,64.279999,121.400002,65.900002,28.5,45.889999,24.012999,30.25,20.27,23.290001,30.93,31.620001,33.709999
2005-06-21,43.810001,63.560001,121.470001,64.540001,28.35,44.919998,24.102356,30.24,20.360001,23.24,30.969999,31.57,33.73
2005-06-22,43.720001,63.599998,121.57,64.709999,28.32,45.18,24.069862,30.09,20.4,23.26,31.25,31.459999,33.720001
2005-06-23,44.02,63.349998,119.860001,64.639999,27.65,45.220001,23.850529,29.48,20.24,22.969999,31.34,31.25,33.130001
2005-06-24,43.900002,62.82,118.980003,64.330002,27.34,44.939999,23.809912,29.290001,19.99,22.74,31.120001,31.1,32.84
2005-06-27,43.91,63.09,119.150002,65.25,27.27,45.630001,23.801786,29.25,19.83,22.719999,31.309999,30.969999,32.689999
2005-06-28,43.450001,63.400002,120.150002,64.230003,27.700001,44.779999,23.980503,29.76,20.08,23.01,31.620001,31.280001,33.150002
2005-06-29,43.630001,63.580002,119.830002,64.160004,27.58,44.740002,24.094233,29.57,20.110001,22.950001,31.530001,31.24,32.950001
2005-06-30,43.439999,63.599998,119.18,63.759998,27.139999,44.450001,23.939886,29.379999,19.92,22.75,31.559999,31.030001,32.779999
2005-07-01,42.700001,64.150002,119.529999,64.970001,27.120001,45.439999,23.964256,29.48,19.969999,22.83,31.85,30.99,32.860001
2005-07-05,42.279999,64.839996,120.489998,67.029999,27.190001,46.799999,24.15922,29.57,20.1,22.959999,31.91,31.1,33.169998
2005-07-06,42.25,64.599998,119.480003,65.980003,27.1,45.959999,23.980503,29.24,20.049999,22.74,31.370001,30.9,32.869999
2005-07-07,42.360001,64.849998,119.949997,66.68,27.16,46.549999,24.029245,29.309999,20.09,22.700001,31.620001,30.889999,32.970001
2005-07-08,42.259998,65.75,121.32,66.330002,27.690001,46.240002,24.272949,29.82,20.450001,23.0,31.99,31.26,33.48
2005-07-11,42.540001,66.57,121.940002,66.849998,28.07,46.580002,24.378553,29.870001,20.66,23.129999,32.169998,31.360001,33.66
2005-07-12,42.639999,66.68,122.260002,67.5,28.0,47.0,24.378553,29.709999,20.77,23.15,32.259998,31.34,33.880001
2005-07-13,42.349998,66.099998,122.43,67.059998,27.91,46.73,24.484159,29.799999,20.860001,23.24,32.349998,31.17,33.790001
2005-07-14,41.900002,65.0,122.910004,65.470001,27.950001,45.610001,24.60601,30.07,21.040001,23.370001,32.029999,31.360001,33.970001
2005-07-15,42.049999,65.300003,122.839996,65.129997,27.9,45.369999,24.671,30.030001,21.030001,23.360001,32.02,31.51,34.110001
2005-07-18,42.009998,65.57,122.349998,64.860001,27.84,45.18,24.411049,29.969999,20.91,23.25,32.0,31.32,34.139999
2005-07-19,41.889999,66.010002,123.019997,66.360001,28.290001,46.150002,24.402924,30.219999,21.219999,23.209999,32.029999,31.33,34.349998
2005-07-20,42.200001,66.650002,123.440002,66.510002,28.73,46.200001,24.492283,30.57,21.15,23.299999,32.200001,31.780001,34.48
2005-07-21,42.459999,65.559998,122.720001,65.910004,28.59,45.75,24.362307,30.41,21.01,23.209999,31.620001,31.440001,34.400002
2005-07-22,42.450001,66.190002,123.540001,67.93,28.77,47.389999,24.492283,30.5,20.959999,23.280001,31.799999,31.4,34.57
2005-07-25,42.509998,66.349998,123.190002,68.610001,28.530001,47.830002,24.3948,30.280001,20.85,23.200001,31.809999,31.209999,34.299999
2005-07-26,42.25,66.949997,123.339996,68.290001,28.129999,47.720001,24.427296,30.43,21.01,23.32,31.92,31.360001,34.580002
2005-07-27,42.439999,67.040001,123.790001,68.610001,28.43,47.959999,24.459789,30.549999,21.15,23.379999,32.060001,31.65,34.669998
2005-07-28,42.75,67.949997,124.57,69.110001,28.75,48.099998,24.5329,30.719999,21.16,23.58,32.259998,31.950001,35.02
2005-07-29,42.82,67.800003,123.739998,68.419998,28.639999,47.599998,24.313566,30.5,21.049999,23.48,32.27,31.73,34.639999
2005-08-01,43.130001,67.669998,123.650002,69.150002,28.5,48.099998,24.313566,30.48,21.059999,23.360001,31.85,31.889999,34.650002
2005-08-02,43.139999,68.370003,124.389999,70.220001,28.93,48.900002,24.492283,30.440001,21.27,23.440001,32.59,32.009998,34.82
2005-08-03,43.529999,68.150002,124.720001,70.010002,29.049999,48.66,24.524776,30.379999,21.41,23.49,32.68,32.09,34.669998
2005-08-04,43.68,67.199997,123.720001,70.080002,28.74,48.759998,24.354183,30.18,21.209999,23.290001,32.470001,31.77,34.369999
2005-08-05,43.599998,64.599998,122.879997,69.589996,28.59,48.389999,24.077986,30.02,21.16,23.139999,31.91,31.549999,34.110001
2005-08-08,43.349998,62.450001,122.650002,70.400002,28.59,49.09,23.980503,29.950001,20.99,23.1,31.26,31.43,34.029999
2005-08-09,43.34,63.400002,123.389999,70.32,28.77,48.98,24.13485,30.17,21.15,23.139999,31.59,31.790001,34.41
2005-08-10,43.650002,63.259998,123.330002,71.580002,28.860001,49.779999,24.110479,30.15,20.91,23.1,31.58,31.74,34.389999
2005-08-11,44.450001,64.150002,123.82,72.169998,29.1,50.259998,24.199839,30.4,21.07,23.16,31.77,31.93,34.540001
2005-08-12,44.490002,64.040001,123.059998,72.050003,28.889999,50.169998,24.13485,30.27,20.790001,23.08,31.74,31.75,34.450001
2005-08-15,44.130001,64.699997,123.82,71.43,28.870001,49.68,24.248577,30.33,20.9,23.190001,31.860001,31.77,34.700001
2005-08-16,44.549999,64.860001,122.209999,69.879997,28.309999,48.59,24.086109,29.98,20.700001,22.959999,31.360001,31.549999,33.98
2005-08-17,43.91,64.25,122.199997,68.190002,28.280001,47.470001,24.142973,30.059999,20.879999,22.950001,31.33,31.610001,34.18
2005-08-18,43.830002,63.799999,122.190002,68.139999,28.040001,47.369999,24.126726,29.93,20.74,23.209999,31.450001,31.620001,34.040001
2005-08-19,43.599998,63.52,122.470001,69.169998,28.1,48.18,24.167343,30.049999,20.76,23.18,31.639999,31.4,33.869999
2005-08-22,43.700001,63.82,122.470001,69.360001,28.110001,48.299999,24.23233,30.110001,20.799999,23.25,31.85,31.4,33.849998
2005-08-23,43.759998,63.900002,122.239998,69.300003,27.65,48.209999,24.077986,29.969999,20.790001,23.190001,32.110001,31.200001,33.740002
2005-08-24,43.59,64.07,121.150002,69.739998,27.389999,48.669998,23.801786,29.73,20.66,22.98,31.959999,31.1,33.5
2005-08-25,43.73,64.43,121.589996,69.760002,27.41,48.540001,23.923639,29.780001,20.67,23.01,32.200001,31.139999,33.59
2005-08-26,43.610001,63.77,120.760002,68.949997,27.27,47.990002,23.671812,29.620001,20.6,22.950001,32.150002,31.030001,33.450001
2005-08-29,43.57,63.369999,121.690002,69.660004,27.440001,48.380001,23.858652,29.799999,20.74,23.110001,32.279999,31.34,33.549999
2005-08-30,43.009998,63.73,121.050003,70.699997,27.18,49.279999,23.647442,29.559999,20.74,22.99,32.23,31.299999,33.209999
2005-08-31,43.400002,64.889999,122.580002,72.699997,27.440001,50.639999,23.915516,29.780001,20.85,23.07,32.48,31.620001,33.5
2005-09-01,44.220001,65.400002,122.489998,74.800003,27.52,51.959999,23.97238,29.66,20.799999,23.040001,32.990002,31.629999,33.169998
2005-09-02,44.25,65.199997,122.269997,73.050003,27.5,50.950001,23.956133,29.76,20.74,23.08,33.0,31.610001,33.049999
2005-09-06,44.27,66.660004,123.699997,73.489998,27.690001,51.310001,24.248577,30.110001,20.98,23.33,33.310001,32.110001,33.619999
2005-09-07,44.330002,66.260002,123.910004,73.690002,27.860001,51.389999,24.191713,30.23,20.98,23.35,33.330002,32.32,33.860001
2005-09-08,44.599998,65.900002,123.5,73.639999,27.709999,51.459999,24.053616,30.059999,21.030001,23.26,33.040001,32.299999,33.540001
2005-09-09,44.84,66.099998,124.599998,75.489998,28.0,52.799999,24.264826,30.23,21.049999,23.360001,33.43,32.41,33.82
2005-09-12,44.889999,66.040001,124.349998,74.099998,28.07,51.720001,24.337936,30.42,21.1,23.41,33.400002,32.299999,33.91
2005-09-13,44.560001,65.610001,123.660004,73.489998,27.77,51.279999,24.13485,30.290001,21.120001,23.190001,33.110001,31.959999,33.419998
2005-09-14,44.959999,65.57,123.209999,74.279999,27.870001,51.919998,24.110479,30.059999,20.9,23.040001,33.23,31.870001,33.110001
2005-09-15,45.419998,65.849998,123.150002,74.43,27.790001,51.919998,24.126726,30.02,20.85,23.129999,33.540001,31.85,33.169998
2005-09-16,45.82,65.449997,123.5,75.169998,27.83,52.279999,24.329813,30.110001,20.98,23.08,33.59,32.0,33.139999
2005-09-19,46.25,64.970001,123.089996,76.989998,27.629999,53.66,24.110479,29.709999,20.809999,22.940001,33.490002,31.77,32.740002
2005-09-20,46.23,64.519997,122.050003,76.32,27.209999,53.150002,23.980503,29.51,20.73,22.799999,33.360001,31.530001,32.169998
2005-09-21,47.060001,63.02,120.910004,77.300003,26.9,53.900002,23.582453,29.41,20.48,22.52,32.779999,31.379999,31.66
2005-09-22,46.360001,63.470001,121.339996,76.779999,27.059999,53.5,23.761169,29.530001,20.559999,22.690001,32.599998,31.450001,32.169998
2005-09-23,46.279999,62.700001,121.440002,75.589996,27.08,52.560001,23.842405,29.75,20.57,22.73,32.68,31.469999,32.290001
2005-09-26,46.57,63.099998,121.580002,77.0,27.049999,53.52,23.712429,29.709999,20.540001,22.65,32.950001,31.42,32.25
2005-09-27,46.25,62.799999,121.550003,77.050003,27.049999,53.560001,23.793665,29.870001,20.469999,22.889999,32.959999,31.24,32.240002
2005-09-28,46.799999,62.459999,121.669998,77.839996,27.129999,54.0,23.5987,29.879999,20.6,22.92,33.299999,31.26,31.950001
2005-09-29,47.099998,63.459999,122.660004,78.650002,27.290001,54.52,24.037369,30.02,20.76,23.120001,33.630001,31.33,32.27
2005-09-30,46.700001,64.269997,123.040001,77.519997,27.5,53.669998,23.980503,30.16,20.9,23.280001,33.599998,31.35,32.490002
2005-10-03,46.419998,64.379997,122.599998,77.480003,27.389999,53.529999,23.923639,29.98,20.870001,23.25,33.98,31.379999,32.400002
2005-10-04,46.450001,63.279999,121.220001,74.949997,27.09,51.599998,23.623072,29.709999,20.68,23.15,33.389999,31.51,32.18
2005-10-05,46.360001,62.099998,119.629997,71.849998,26.469999,49.619999,23.525589,29.34,20.389999,22.99,32.419998,30.99,31.639999
2005-10-06,47.209999,61.650002,119.199997,69.900002,26.33,48.439999,23.590576,29.540001,20.16,22.860001,31.99,30.780001,31.67
2005-10-07,47.360001,61.41,119.610001,71.669998,26.59,49.529999,23.671812,29.799999,20.209999,22.84,32.27,30.75,31.700001
2005-10-10,47.369999,60.790001,118.599998,70.599998,26.450001,48.779999,23.419985,29.57,20.07,22.76,31.700001,30.709999,31.459999
2005-10-11,47.389999,60.360001,118.43,72.360001,26.48,49.950001,23.346872,29.41,19.92,22.76,31.77,30.450001,31.34
2005-10-12,46.849998,59.200001,117.5,70.989998,26.27,48.990002,23.241266,29.41,19.790001,22.68,31.17,30.52,30.99
2005-10-13,47.02,59.5,117.43,68.910004,26.23,47.66,23.354996,29.370001,19.93,22.620001,30.51,30.67,31.08
2005-10-14,46.799999,60.59,118.669998,70.18,26.32,48.34,23.614946,29.629999,20.01,22.75,30.860001,30.809999,31.389999
2005-10-17,47.259998,61.099998,119.110001,71.18,26.52,48.939999,23.639318,29.690001,19.99,23.0,31.200001,30.799999,31.450001
2005-10-18,47.0,60.259998,117.82,67.900002,26.24,46.669998,23.452478,29.48,19.950001,22.83,30.68,30.76,31.120001
2005-10-19,46.34,61.0,119.779999,69.089996,26.459999,47.720001,23.923639,29.870001,20.200001,23.07,30.76,31.059999,31.709999
2005-10-20,45.98,60.099998,117.669998,66.169998,26.280001,45.549999,23.712429,29.49,20.049999,22.889999,29.950001,30.42,31.32
2005-10-21,46.52,60.529999,118.129997,66.82,26.52,46.02,23.850529,29.290001,20.17,22.870001,30.35,30.23,31.280001
2005-10-24,46.389999,61.48,119.959999,69.010002,27.129999,47.66,24.32169,29.74,20.43,23.07,31.129999,30.48,31.82
2005-10-25,47.060001,61.529999,119.720001,70.699997,27.110001,48.650002,24.183592,29.700001,20.290001,22.99,31.17,30.290001,31.59
2005-10-26,46.93,60.959999,119.370003,70.230003,27.33,48.360001,24.34606,29.440001,20.24,22.92,30.790001,29.91,31.4
2005-10-27,47.18,60.34,118.099998,68.220001,27.049999,46.990002,24.20796,29.18,20.02,22.700001,30.440001,29.799999,30.77
2005-10-28,47.220001,62.049999,119.800003,69.940002,27.48,48.27,24.622257,29.65,20.209999,23.08,31.049999,30.25,31.309999
2005-10-31,46.400002,62.299999,120.129997,70.580002,27.559999,48.82,24.711617,29.73,20.42,23.17,31.450001,30.389999,31.83
2005-11-01,45.73,61.25,120.489998,70.989998,27.65,49.119999,24.622257,29.639999,20.379999,23.040001,30.83,30.299999,31.85
2005-11-02,46.130001,61.830002,121.75,72.300003,27.98,50.080002,24.825344,29.940001,20.610001,23.1,30.950001,30.299999,32.41
2005-11-03,45.959999,61.389999,122.269997,73.639999,27.889999,51.029999,24.841593,30.07,20.799999,23.190001,30.93,30.49,32.419998
2005-11-04,45.509998,61.330002,122.110001,71.709999,27.85,49.5,24.88221,30.09,20.889999,23.18,30.889999,30.65,32.540001
2005-11-07,45.77,61.68,122.230003,70.449997,28.0,48.639999,25.09342,30.200001,20.93,23.23,30.809999,30.709999,32.799999
2005-11-08,45.91,61.32,122.230003,71.160004,27.860001,49.049999,25.020309,30.01,20.940001,23.16,30.799999,30.639999,32.43
2005-11-09,46.560001,61.849998,122.389999,70.349998,27.83,48.599998,25.085297,30.08,20.92,23.200001,31.07,30.67,32.419998
2005-11-10,46.48,63.439999,123.339996,68.300003,28.219999,47.09,25.588951,30.469999,21.1,23.469999,30.92,31.07,32.91
2005-11-11,46.799999,64.019997,123.760002,68.900002,28.610001,47.470001,25.67831,30.530001,21.15,23.5,30.639999,31.08,33.009998
2005-11-14,46.619999,63.549999,123.690002,69.019997,28.889999,47.720001,25.694557,30.59,21.17,23.41,30.440001,30.870001,33.029999
2005-11-15,46.66,63.540001,123.239998,69.040001,28.809999,47.799999,25.458977,30.58,21.1,23.290001,30.5,31.030001,32.540001
2005-11-16,47.779999,63.299999,123.489998,70.720001,28.860001,49.040001,25.320877,30.690001,21.18,23.35,30.780001,30.969999,32.52
2005-11-17,48.48,64.279999,124.639999,70.839996,29.219999,49.02,25.621447,30.98,21.43,23.34,31.23,31.129999,32.950001
2005-11-18,48.459999,64.790001,125.129997,71.040001,29.299999,49.040001,25.751423,31.299999,21.549999,23.4,31.17,31.26,33.169998
2005-11-21,48.990002,65.029999,125.760002,72.68,29.49,50.259998,25.873274,31.48,21.540001,23.43,31.24,31.32,33.290001
2005-11-22,49.32,65.879997,126.300003,73.839996,29.58,51.060001,26.100731,31.559999,21.68,23.59,31.24,31.139999,33.439999
2005-11-23,49.150002,66.209999,127.029999,73.510002,29.530001,50.869999,26.303818,31.6,21.799999,23.68,31.629999,31.219999,33.68
2005-11-25,49.419998,66.440002,127.129997,73.75,29.700001,51.0,26.360682,31.610001,21.860001,23.700001,31.75,31.26,33.68
2005-11-28,49.740002,65.720001,126.230003,71.349998,29.620001,49.279999,26.238831,31.440001,21.780001,23.59,31.629999,30.93,33.369999
2005-11-29,49.799999,65.839996,126.089996,71.550003,29.889999,49.360001,26.222584,31.51,21.780001,23.57,31.709999,30.959999,33.32
2005-11-30,49.099998,65.25,125.410004,71.739998,29.67,49.549999,25.889521,31.459999,21.709999,23.379999,31.4,30.76,33.099998
2005-12-01,50.169998,66.150002,126.690002,73.669998,30.25,51.119999,26.02762,31.809999,22.040001,23.540001,31.52,31.07,33.48
2005-12-02,50.32,66.099998,126.849998,73.900002,30.120001,51.169998,26.084484,31.690001,22.02,23.530001,31.57,31.18,33.59
2005-12-05,50.779999,65.5,126.580002,74.699997,30.200001,51.529999,26.035744,31.52,21.91,23.440001,31.549999,31.24,33.389999
2005-12-06,50.889999,65.449997,126.82,75.0,30.42,51.75,25.95451,31.65,21.940001,23.42,31.459999,31.18,33.490002
2005-12-07,51.32,64.940002,126.080002,74.599998,30.34,51.560001,25.743298,31.42,21.9,23.360001,31.309999,31.049999,33.459999
2005-12-08,51.900002,65.5,126.0,76.0,30.290001,52.470001,25.727051,31.280001,21.74,23.32,31.639999,31.16,33.32
2005-12-09,52.400002,65.650002,126.330002,75.050003,30.209999,51.82,25.913891,31.450001,21.82,23.360001,32.0,31.200001,33.369999
2005-12-12,52.560001,65.599998,126.449997,75.870003,30.209999,52.490002,25.800161,31.459999,21.879999,23.41,31.700001,31.209999,33.41
2005-12-13,51.650002,66.050003,127.309998,75.550003,30.48,52.27,26.133224,31.49,21.809999,23.700001,32.169998,31.549999,33.560001
2005-12-14,50.349998,66.349998,127.809998,76.669998,30.309999,52.900002,26.230707,31.76,21.84,23.9,32.529999,31.639999,33.73
2005-12-15,50.240002,65.75,127.440002,75.849998,30.15,52.48,26.084484,31.809999,21.75,23.940001,32.599998,31.73,33.66
2005-12-16,50.09,66.040001,126.360001,74.0,29.799999,51.07,25.97888,31.67,21.57,23.799999,32.310001,31.700001,33.41
2005-12-19,50.220001,65.230003,125.709999,73.629997,29.66,50.650002,25.751423,31.360001,21.309999,23.76,31.879999,31.98,33.049999
2005-12-20,49.040001,65.050003,125.830002,74.349998,29.549999,51.34,25.86515,31.379999,21.23,23.620001,31.93,31.940001,32.98
2005-12-21,49.369999,65.480003,126.029999,74.550003,30.120001,51.450001,25.938263,31.540001,21.25,23.690001,31.639999,32.040001,33.009998
2005-12-22,50.139999,65.129997,126.690002,73.779999,30.43,51.389999,26.116978,31.780001,21.35,23.709999,31.780001,32.25,33.02
2005-12-23,50.119999,65.300003,126.760002,73.699997,30.52,51.25,26.149471,31.84,21.389999,23.67,31.84,32.290001,33.080002
2005-12-27,50.639999,65.139999,125.470001,71.5,30.33,49.740002,25.946384,31.559999,21.209999,23.51,31.780001,32.029999,32.799999
2005-12-28,51.470001,65.0,125.75,72.5,30.59,50.490002,25.889521,31.610001,21.16,23.540001,31.620001,32.029999,32.860001
2005-12-29,51.470001,64.639999,125.190002,71.870003,30.540001,50.099998,25.86515,31.6,21.040001,23.48,31.559999,31.92,32.849998
2005-12-30,51.580002,64.150002,124.510002,72.190002,30.280001,50.310001,25.727051,31.42,20.9,23.290001,31.389999,31.719999,32.650002
2006-01-03,53.119999,65.900002,126.699997,75.400002,30.92,52.700001,26.157595,31.629999,21.309999,23.440001,32.0,32.110001,33.0
2006-01-04,53.299999,66.199997,127.300003,76.0,31.110001,52.849998,26.133224,31.709999,21.559999,23.52,32.049999,32.43,33.029999
2006-01-05,52.34,66.669998,127.379997,74.949997,31.059999,52.18,26.222584,31.66,21.66,23.4,31.84,32.349998,33.060001
2006-01-06,53.720001,67.25,128.440002,76.599998,31.389999,53.459999,26.376928,31.780001,22.0,23.5,32.18,32.560001,33.330002
2006-01-09,54.599998,67.900002,128.770004,76.709999,31.379999,53.400002,26.450041,32.040001,22.07,23.610001,31.98,32.709999,33.669998
2006-01-10,54.060001,68.349998,128.899994,77.300003,31.18,53.98,26.474411,31.950001,22.049999,23.549999,32.029999,32.59,33.68
2006-01-11,54.529999,68.43,129.309998,77.639999,30.940001,54.209999,26.620634,31.969999,22.26,23.57,31.98,32.509998,33.849998
2006-01-12,54.43,68.25,128.800003,77.300003,30.51,53.82,26.433794,31.73,22.139999,23.51,31.98,32.48,33.549999
2006-01-13,55.439999,67.150002,128.679993,78.32,30.58,54.459999,26.417547,31.620001,22.129999,23.48,32.200001,32.459999,33.560001
2006-01-17,55.259998,67.129997,128.330002,79.900002,30.610001,55.66,26.141348,31.459999,21.91,23.389999,32.540001,32.369999,33.380001
2006-01-18,54.07,67.010002,127.82,78.900002,30.309999,55.200001,26.068237,31.5,21.65,23.49,32.610001,32.419998,33.27
2006-01-19,55.59,67.800003,128.309998,80.580002,30.629999,56.16,25.987001,31.65,21.84,23.51,32.900002,32.59,33.52
2006-01-20,55.200001,66.919998,125.970001,80.900002,30.110001,56.41,25.44273,30.959999,21.27,23.17,32.709999,31.969999,32.950001
2006-01-23,55.77,67.300003,126.419998,81.650002,30.52,57.029999,25.507717,30.98,21.190001,23.190001,32.66,31.950001,32.93
2006-01-24,55.73,67.949997,126.550003,81.300003,30.860001,56.689999,25.621447,31.209999,21.26,23.27,32.950001,31.799999,33.259998
2006-01-25,56.139999,67.699997,126.660004,79.660004,31.01,55.5,25.670187,31.200001,21.33,23.290001,32.5,31.76,33.139999
2006-01-26,55.880001,67.900002,127.360001,79.720001,31.379999,55.68,26.108854,31.549999,21.469999,23.34,32.209999,31.92,33.279999
2006-01-27,55.630001,68.919998,128.539993,80.970001,31.6,56.650002,26.133224,31.620001,21.709999,23.530001,32.389999,32.290001,33.43
2006-01-30,56.68,68.669998,128.440002,82.849998,31.690001,57.950001,26.051991,31.690001,21.780001,23.440001,32.169998,32.139999,33.349998
2006-01-31,56.700001,68.830002,127.5,82.550003,31.74,57.66,25.95451,31.51,21.6,23.33,32.150002,32.130001,33.23
2006-02-01,56.700001,69.190002,128.389999,80.650002,31.83,56.290001,25.938263,31.780001,21.73,23.389999,32.240002,32.330002,33.34
2006-02-02,56.98,68.879997,126.900002,80.120003,31.360001,55.73,25.759544,31.51,21.43,23.379999,31.82,32.07,33.299999
2006-02-03,56.5,68.0,126.269997,79.459999,31.08,55.220001,25.65394,31.440001,21.280001,23.23,31.66,32.009998,33.139999
2006-02-06,56.720001,68.169998,126.599998,80.75,31.639999,56.299999,25.727051,31.549999,21.219999,23.18,31.85,31.719999,33.130001
2006-02-07,54.599998,67.639999,125.480003,77.559998,30.809999,53.950001,25.556458,31.32,21.16,23.07,31.66,31.67,32.93
2006-02-08,54.830002,67.489998,126.620003,77.510002,30.860001,53.959999,25.718927,31.469999,21.57,23.17,31.65,32.080002,33.16
2006-02-09,56.18,67.75,126.410004,75.830002,30.959999,52.73,25.783916,31.65,21.469999,23.24,31.76,32.110001,33.150002
2006-02-10,54.790001,67.720001,126.639999,75.449997,30.9,52.540001,25.930138,31.860001,21.639999,23.209999,31.780001,32.040001,33.27
2006-02-13,53.720001,67.800003,126.410004,74.949997,30.59,52.330002,25.832657,31.9,21.440001,23.18,31.74,32.0,33.189999
2006-02-14,54.490002,68.300003,127.75,74.209999,31.41,51.740002,26.141348,32.279999,21.73,23.469999,31.709999,32.310001,33.560001
2006-02-15,53.759998,68.839996,128.199997,73.599998,31.27,51.459999,26.295694,32.369999,21.85,23.620001,31.76,32.5,33.709999
2006-02-16,54.52,69.43,129.160004,75.400002,31.68,52.639999,26.450041,32.459999,22.049999,23.73,32.009998,32.709999,33.82
2006-02-17,54.959999,69.93,128.809998,75.699997,31.65,53.009998,26.344435,32.540001,21.93,23.629999,32.299999,32.689999,33.619999
2006-02-21,55.119999,70.010002,128.490005,77.480003,31.66,54.049999,26.263201,32.41,21.690001,23.6,32.349998,32.52,33.439999
2006-02-22,55.34,70.940002,129.270004,76.230003,31.790001,53.040001,26.758734,32.75,21.799999,23.790001,32.470001,32.799999,33.689999
2006-02-23,54.639999,70.75,129.080002,76.040001,31.629999,52.98,26.661251,32.639999,21.690001,23.799999,32.43,32.68,33.509998
2006-02-24,55.639999,70.339996,129.410004,76.839996,31.719999,53.630001,26.718115,32.66,21.700001,23.68,32.529999,32.68,33.450001
2006-02-27,55.220001,70.379997,129.460007,75.650002,31.459999,52.700001,26.766855,32.869999,21.9,23.85,32.790001,32.93,33.75
2006-02-28,56.07,70.050003,128.229996,75.050003,31.059999,52.34,26.506905,32.490002,21.65,23.530001,32.57,32.5,33.470001
2006-03-01,56.099998,70.389999,129.369995,76.400002,31.540001,53.23,26.645004,32.75,22.08,23.620001,32.48,32.529999,33.720001
2006-03-02,56.740002,70.220001,129.360001,77.18,31.73,54.119999,26.482534,32.66,22.129999,23.49,32.459999,32.470001,33.5
2006-03-03,56.279999,69.93,128.759995,77.349998,31.74,54.130001,26.417547,32.740002,22.0,23.549999,32.299999,32.360001,33.48
2006-03-06,55.23,71.209999,128.169998,75.019997,31.309999,52.25,26.336311,32.57,21.91,23.469999,31.780001,32.189999,33.27
2006-03-07,54.950001,70.18,127.970001,73.82,31.01,51.48,26.425671,32.59,21.77,23.629999,31.629999,32.200001,33.119999
2006-03-08,53.970001,70.309998,128.240005,73.93,30.82,51.48,26.441917,32.549999,21.75,23.889999,31.6,32.419998,33.18
2006-03-09,54.240002,71.019997,127.379997,73.269997,30.76,51.110001,26.279448,32.509998,21.620001,23.93,31.51,32.310001,33.049999
2006-03-10,53.830002,71.800003,128.589996,73.489998,31.309999,51.389999,26.515028,32.849998,21.719999,24.15,31.709999,32.43,33.360001
2006-03-13,54.310001,71.529999,128.830002,74.68,31.379999,52.400002,26.523151,32.830002,21.799999,24.17,31.75,32.41,33.349998
2006-03-14,54.869999,72.089996,130.179993,76.129997,31.959999,53.369999,26.831844,33.139999,22.049999,24.110001,32.09,32.639999,33.709999
2006-03-15,55.119999,73.349998,130.759995,76.580002,32.34,53.650002,26.864338,33.639999,22.18,24.02,32.299999,32.75,33.900002
2006-03-16,55.34,74.139999,131.029999,77.5,32.389999,54.5,26.953695,33.66,22.040001,24.1,32.470001,32.75,33.970001
2006-03-17,55.119999,74.980003,130.619995,76.809998,32.189999,53.650002,26.888708,33.790001,22.110001,23.959999,32.150002,32.720001,34.02
2006-03-20,55.169998,73.800003,130.410004,75.550003,32.119999,52.459999,26.904955,33.73,22.15,24.1,31.68,32.779999,33.939999
2006-03-21,54.830002,72.720001,129.589996,75.209999,31.65,52.369999,26.636881,33.599998,22.059999,23.940001,31.440001,32.580002,33.75
2006-03-22,54.75,72.93,130.380005,75.739998,31.98,52.720001,26.848091,33.849998,22.07,24.16,31.59,32.91,33.860001
2006-03-23,54.700001,73.360001,130.110001,76.849998,32.07,53.5,26.718115,33.709999,22.02,23.98,31.549999,32.73,33.84
2006-03-24,55.709999,72.699997,130.210007,77.480003,32.049999,53.860001,26.709991,33.68,22.09,23.98,31.49,32.68,33.790001
2006-03-27,56.389999,71.980003,130.020004,77.769997,32.27,54.139999,26.693745,33.709999,22.120001,23.9,31.280001,32.43,33.779999
2006-03-28,56.060001,72.790001,129.220001,78.5,32.0,54.560001,26.474411,33.470001,21.870001,23.709999,31.15,32.130001,33.599998
2006-03-29,57.07,74.400002,130.029999,79.459999,32.540001,55.200001,26.596264,33.810001,22.200001,23.879999,31.34,32.220001,33.900002
2006-03-30,58.599998,73.25,129.800003,79.449997,32.66,55.169998,26.433794,33.810001,22.27,23.690001,31.059999,32.16,33.759998
2006-03-31,58.099998,73.5,129.830002,78.589996,32.349998,54.400002,26.441917,33.799999,22.139999,23.6,30.83,31.98,33.66
2006-04-03,58.470001,71.900002,129.729996,79.080002,32.75,54.700001,26.482534,33.919998,22.27,23.68,30.870001,31.959999,33.540001
2006-04-04,58.330002,71.660004,130.559998,80.010002,32.799999,55.419998,26.766855,34.150002,22.35,23.66,31.200001,32.0,33.73
2006-04-05,58.66,72.349998,131.009995,80.989998,33.25,56.330002,26.815598,34.169998,22.540001,23.709999,31.5,31.9,33.950001
2006-04-06,59.279999,71.93,130.869995,81.169998,33.32,56.450001,26.718115,34.119999,22.52,23.620001,31.110001,31.66,34.02
2006-04-07,58.59,70.860001,129.539993,79.980003,32.810001,55.349998,26.466288,33.950001,22.26,23.41,30.67,31.280001,33.869999
2006-04-10,59.599998,70.010002,129.740005,81.18,32.799999,56.400002,26.515028,33.830002,22.23,23.440001,30.66,31.219999,33.82
2006-04-11,59.009998,69.849998,128.639999,80.599998,32.560001,56.0,26.287571,33.77,22.030001,23.219999,30.309999,30.879999,33.549999
2006-04-12,59.43,69.769997,128.880005,80.040001,32.779999,55.630001,26.344435,34.0,22.07,23.299999,30.379999,31.09,33.52
2006-04-13,59.5,68.980003,128.710007,80.279999,32.950001,55.810001,26.385054,33.860001,22.1,23.26,30.24,31.02,33.599998
2006-04-17,61.09,68.669998,128.660004,81.529999,33.240002,56.84,26.360682,33.689999,21.860001,23.129999,30.209999,30.84,33.43
2006-04-18,61.849998,70.32,130.699997,83.839996,34.150002,58.23,26.848091,34.5,22.299999,23.35,30.790001,31.129999,33.919998
2006-04-19,63.75,71.300003,130.949997,85.360001,34.380001,59.130001,26.880585,34.720001,22.280001,23.379999,30.889999,30.950001,33.799999
2006-04-20,60.959999,71.370003,131.130005,84.419998,34.060001,58.52,26.937449,34.849998,22.299999,23.42,31.110001,31.23,33.93
2006-04-21,63.200001,71.379997,131.149994,86.199997,34.400002,59.740002,26.904955,34.889999,22.059999,23.42,31.25,31.16,33.669998
2006-04-24,61.650002,71.019997,130.910004,85.099998,34.279999,58.830002,26.913078,35.009998,22.030001,23.52,31.540001,31.040001,33.66
2006-04-25,62.779999,70.519997,130.369995,84.0,34.040001,58.07,26.750608,34.599998,22.02,23.52,31.09,30.85,33.610001
2006-04-26,63.650002,70.199997,130.399994,82.900002,34.029999,57.150002,26.904955,34.790001,22.1,23.74,30.780001,30.85,33.84
2006-04-27,62.959999,70.900002,131.029999,81.919998,33.349998,56.5,27.327375,34.599998,22.32,23.77,31.190001,30.68,34.110001
2006-04-28,65.089996,71.099998,131.470001,82.830002,33.5,57.139999,27.587326,34.529999,21.85,23.83,31.32,30.99,34.09
2006-05-01,65.160004,70.0,130.399994,84.220001,33.720001,58.080002,27.156782,34.619999,21.67,23.82,31.030001,30.719999,33.900002
2006-05-02,66.550003,69.440002,131.380005,86.199997,34.049999,59.369999,27.327375,34.900002,21.77,23.959999,31.530001,30.719999,33.93
2006-05-03,66.459999,69.510002,130.889999,85.139999,34.060001,58.450001,27.303005,34.91,21.719999,23.799999,31.43,30.379999,34.02
2006-05-04,67.480003,70.339996,131.360001,84.739998,34.400002,58.18,27.359871,35.330002,21.799999,23.84,31.469999,30.48,34.209999
2006-05-05,67.989998,71.599998,132.520004,85.349998,34.639999,58.860001,27.749798,35.68,21.92,24.059999,32.18,30.780001,34.610001
2006-05-08,67.559998,71.830002,132.360001,85.150002,34.77,58.599998,27.636068,35.650002,21.950001,24.190001,31.93,30.77,34.66
2006-05-09,69.68,71.849998,132.619995,85.730003,35.0,58.950001,27.684809,35.650002,21.860001,24.26,31.66,30.549999,34.759998
2006-05-10,70.379997,71.910004,132.550003,86.5,35.009998,59.5,27.701056,35.669998,21.629999,24.16,31.91,30.52,34.779999
2006-05-11,71.029999,70.339996,130.949997,85.370003,34.529999,58.73,27.246141,35.490002,21.18,23.860001,31.610001,30.459999,34.43
2006-05-12,71.120003,69.279999,129.240005,82.599998,33.790001,56.740002,26.969942,34.93,20.98,23.67,31.26,30.389999,34.09
2006-05-15,67.410004,70.199997,129.5,80.860001,33.349998,55.549999,27.156782,34.939999,21.0,23.93,31.459999,30.82,34.18
2006-05-16,68.610001,70.059998,129.309998,81.18,33.360001,55.75,27.124289,34.93,20.799999,24.02,31.32,30.9,33.939999
2006-05-17,68.150002,68.599998,126.849998,79.129997,32.459999,54.330002,26.580015,34.209999,20.52,23.719999,30.84,30.58,33.470001
2006-05-18,67.459999,68.410004,126.209999,77.980003,32.119999,53.669998,26.344435,33.93,20.450001,23.6,30.83,30.450001,33.450001
2006-05-19,65.580002,68.269997,127.099998,78.349998,32.25,54.02,26.482534,34.040001,20.6,23.620001,31.09,30.280001,33.68
2006-05-22,65.300003,67.82,126.129997,77.82,31.549999,53.709999,26.417547,33.970001,20.42,23.690001,31.33,30.15,33.439999
2006-05-23,66.379997,67.360001,125.169998,77.730003,31.620001,53.720001,26.287571,33.810001,20.27,23.68,30.889999,30.01,33.189999
2006-05-24,64.059998,67.470001,126.169998,76.779999,31.48,53.060001,26.303818,33.720001,20.469999,23.860001,31.0,30.1,33.240002
2006-05-25,64.699997,68.75,127.730003,79.519997,32.02,54.919998,26.539398,33.950001,20.66,24.09,31.290001,30.379999,33.560001
2006-05-26,65.099998,69.400002,128.380005,79.82,32.560001,55.099998,26.758734,34.139999,20.76,24.09,31.629999,30.549999,33.669998
2006-05-30,65.110001,68.849998,126.099998,78.610001,31.790001,54.23,26.360682,33.700001,20.35,23.790001,31.309999,30.15,33.16
2006-05-31,64.230003,68.75,127.510002,80.339996,32.150002,55.549999,26.547522,33.939999,20.43,23.879999,31.83,30.34,33.52
2006-06-01,62.560001,70.190002,128.729996,80.779999,32.5,55.700001,26.856215,34.290001,20.780001,24.01,32.150002,30.77,34.040001
2006-06-02,63.5,70.949997,129.0,81.93,32.810001,56.529999,27.010561,34.34,20.709999,23.959999,32.540001,30.889999,33.970001
2006-06-05,63.290001,71.050003,127.120003,79.389999,31.83,54.75,26.571894,33.599998,20.4,23.620001,32.150002,30.41,33.43
2006-06-06,62.549999,70.339996,126.809998,79.089996,31.559999,54.700001,26.506905,33.470001,20.4,23.690001,32.209999,30.459999,33.259998
2006-06-07,62.279999,70.620003,125.860001,76.470001,30.84,52.599998,26.596264,33.099998,20.120001,23.68,32.09,30.6,33.27
2006-06-08,60.91,70.300003,125.75,76.739998,30.74,53.34,26.645004,33.119999,20.02,23.76,32.200001,30.65,33.220001
2006-06-09,60.450001,70.949997,125.349998,76.230003,30.58,52.799999,26.555647,32.84,19.940001,23.780001,32.470001,30.43,33.139999
2006-06-12,60.029999,69.910004,123.989998,74.279999,30.1,51.720001,26.263201,32.43,19.57,23.639999,32.540001,30.120001,32.700001
2006-06-13,55.919998,69.0,122.550003,72.0,29.59,50.189999,25.751423,32.330002,19.59,23.559999,32.150002,30.040001,32.439999
2006-06-14,55.619999,68.889999,123.5,73.730003,29.98,51.48,25.597076,32.610001,19.719999,23.66,31.91,30.09,32.59
2006-06-15,57.32,70.089996,126.120003,76.980003,30.98,53.439999,26.165718,33.349998,20.219999,23.85,32.400002,30.459999,33.299999
2006-06-16,57.68,70.279999,124.650002,76.419998,30.59,53.099998,25.848904,33.259998,20.190001,23.75,32.110001,30.309999,33.150002
2006-06-19,56.360001,69.650002,123.669998,74.0,29.98,51.099998,25.670187,33.0,20.1,23.66,31.67,30.08,32.970001
2006-06-20,57.299999,69.220001,124.089996,73.300003,30.110001,50.860001,25.743298,32.959999,20.07,23.83,31.75,29.969999,32.849998
2006-06-21,58.330002,70.099998,125.010002,74.919998,30.84,52.0,25.95451,33.349998,20.33,23.92,31.719999,30.120001,33.169998
2006-06-22,57.73,68.959999,124.459999,75.349998,30.68,52.220001,25.857027,33.150002,20.09,23.879999,31.610001,29.950001,32.91
2006-06-23,57.990002,68.699997,124.440002,76.849998,30.940001,53.380001,25.686434,33.240002,20.030001,23.799999,31.66,29.98,32.880001
2006-06-26,58.279999,69.389999,124.989998,77.68,31.030001,53.970001,25.913891,33.330002,20.07,23.93,31.790001,29.870001,33.049999
2006-06-27,57.68,69.25,123.910004,77.889999,30.639999,54.07,25.662064,33.02,19.799999,23.82,31.67,29.559999,32.630001
2006-06-28,57.540001,69.489998,124.75,79.260002,30.719999,55.0,25.800161,33.119999,19.93,23.93,31.76,29.559999,32.66
2006-06-29,59.52,70.910004,127.269997,81.599998,31.950001,56.560001,26.344435,33.82,20.440001,24.309999,32.169998,30.07,33.369999
2006-06-30,61.23,71.25,127.279999,82.0,32.099998,56.75,26.271324,33.810001,20.33,24.190001,32.290001,30.24,33.389999
2006-07-03,62.18,72.540001,127.800003,82.949997,32.48,57.360001,26.580015,33.93,20.48,24.33,32.650002,30.299999,33.439999
2006-07-05,62.5,72.480003,127.07,83.279999,32.09,57.619999,26.328188,33.68,20.16,24.129999,32.43,30.27,33.130001
2006-07-06,63.02,72.699997,127.440002,82.93,32.060001,57.470001,26.409424,33.77,20.18,24.41,32.259998,30.379999,33.150002
2006-07-07,62.630001,72.400002,126.610001,81.75,31.809999,56.689999,26.279448,33.27,19.98,24.360001,32.509998,30.41,32.900002
2006-07-10,62.02,73.150002,126.849998,81.93,31.889999,56.860001,26.458164,33.360001,19.75,24.51,32.689999,30.52,32.939999
2006-07-11,63.810001,73.129997,127.410004,83.309998,31.85,57.900002,26.466288,33.450001,19.83,24.639999,32.939999,30.59,32.91
2006-07-12,64.919998,73.449997,126.050003,83.089996,31.620001,57.700001,26.206335,33.110001,19.469999,24.440001,32.779999,30.48,32.389999
2006-07-13,65.550003,72.309998,124.0,82.230003,30.73,57.150002,25.79204,32.459999,19.15,24.24,32.66,30.16,31.799999
2006-07-14,65.849998,71.339996,123.519997,83.050003,30.780001,57.82,25.686434,32.0,19.1,24.0,32.66,29.969999,31.389999
2006-07-17,63.950001,71.290001,123.339996,80.650002,30.370001,55.950001,25.735174,31.889999,19.16,24.059999,32.75,30.09,31.610001
2006-07-18,62.900002,72.139999,123.970001,80.75,30.5,56.02,25.79204,32.040001,19.200001,24.17,32.799999,30.09,31.42
2006-07-19,64.029999,73.860001,125.690002,81.540001,31.32,56.599998,26.474411,32.689999,19.48,24.469999,33.299999,30.799999,32.049999
2006-07-20,62.540001,72.949997,124.830002,79.610001,30.450001,55.23,26.368807,32.02,19.200001,24.49,33.380001,30.83,31.629999
2006-07-21,61.709999,71.589996,123.949997,78.370003,30.049999,54.48,26.222584,31.700001,19.0,24.440001,33.459999,30.969999,31.34
2006-07-24,61.139999,72.839996,126.209999,80.639999,30.5,56.119999,26.563768,32.220001,19.290001,24.620001,33.77,31.57,32.02
2006-07-25,61.549999,73.339996,126.660004,82.349998,30.969999,57.099998,26.628757,32.130001,19.5,24.74,33.91,31.84,32.310001
2006-07-26,62.0,73.650002,126.830002,83.82,30.9,58.25,26.596264,31.719999,19.549999,24.620001,34.029999,31.99,31.940001
2006-07-27,62.900002,73.099998,126.709999,83.230003,30.219999,57.75,26.441917,31.66,19.49,24.459999,33.759998,31.83,31.870001
2006-07-28,63.110001,74.190002,127.980003,83.169998,30.77,57.77,26.913078,32.02,19.83,24.690001,33.990002,32.0,32.259998
2006-07-31,63.16,73.849998,127.849998,84.669998,30.9,58.650002,26.872461,31.889999,19.799999,24.57,33.84,31.889999,32.279999
2006-08-01,64.32,73.5,127.220001,85.040001,30.65,58.720001,26.791227,31.690001,19.52,24.450001,34.259998,31.889999,31.98
2006-08-02,64.75,73.5,128.080002,85.089996,31.139999,58.84,26.839968,31.889999,19.76,24.67,34.23,32.09,32.240002
2006-08-03,64.120003,74.290001,128.419998,84.410004,31.33,58.330002,26.953695,32.150002,19.82,24.73,34.060001,31.809999,32.439999
2006-08-04,64.279999,75.400002,128.199997,83.629997,31.18,57.84,27.010561,32.060001,19.76,24.74,34.07,31.82,32.450001
2006-08-07,64.5,74.580002,127.900002,84.360001,31.33,58.450001,26.953695,31.93,19.690001,24.68,33.669998,31.719999,32.380001
2006-08-08,63.970001,73.360001,127.410004,83.82,31.0,58.110001,26.758734,31.65,19.620001,24.790001,33.990002,31.709999,32.049999
2006-08-09,64.629997,72.68,126.980003,84.510002,31.030001,58.599998,26.441917,31.16,19.74,24.629999,34.0,31.74,31.610001
2006-08-10,63.25,72.830002,127.370003,83.980003,31.110001,58.119999,26.571894,31.41,19.82,24.889999,33.950001,31.709999,32.040001
2006-08-11,62.709999,72.230003,127.010002,83.790001,30.76,58.150002,26.490658,31.23,19.709999,24.84,33.869999,31.559999,32.029999
2006-08-14,62.25,72.900002,127.110001,82.199997,30.68,56.950001,26.523151,31.290001,19.879999,24.889999,34.099998,31.629999,32.119999
2006-08-15,62.009998,73.75,128.630005,82.639999,31.33,57.240002,26.969942,31.860001,20.34,25.049999,34.32,31.9,32.57
2006-08-16,62.490002,73.949997,129.699997,82.379997,31.879999,57.0,27.116165,32.57,20.66,25.08,34.0,32.18,32.900002
2006-08-17,61.029999,74.029999,130.029999,81.790001,31.68,56.599998,27.205524,32.610001,20.75,25.040001,33.959999,32.259998,33.099998
2006-08-18,61.040001,74.050003,130.690002,83.0,31.68,57.48,27.246141,32.529999,20.83,25.190001,34.34,32.310001,33.09
2006-08-21,62.439999,74.480003,130.130005,83.589996,31.68,57.860001,27.140535,32.240002,20.690001,25.25,34.41,32.200001,32.73
2006-08-22,62.049999,75.150002,130.119995,84.0,31.77,58.25,27.132414,32.34,20.700001,25.23,34.529999,32.299999,32.700001
2006-08-23,61.830002,74.309998,129.759995,82.639999,31.719999,57.029999,27.051178,32.099998,20.6,25.15,34.169998,32.279999,32.41
2006-08-24,61.75,74.660004,129.649994,83.57,31.469999,57.77,27.140535,31.93,20.68,25.280001,34.310001,32.5,32.240002
2006-08-25,61.77,74.580002,129.809998,84.199997,31.57,58.220001,26.994314,31.940001,20.74,25.24,34.310001,32.52,32.240002
2006-08-28,61.0,75.5,130.429993,83.0,31.540001,57.380001,27.189278,32.07,20.93,25.34,34.57,32.73,32.560001
2006-08-29,60.939999,75.5,130.580002,82.610001,31.67,57.02,27.075548,32.150002,21.120001,25.43,34.599998,32.880001,32.799999
2006-08-30,61.419998,76.050003,130.660004,81.400002,31.68,56.060001,27.156782,32.18,21.27,25.5,34.419998,32.900002,32.82
2006-08-31,62.290001,76.050003,130.639999,80.889999,31.83,55.669998,27.189278,32.25,21.190001,25.52,34.77,32.799999,32.919998
2006-09-01,62.139999,75.669998,131.419998,81.889999,32.189999,56.5,27.229895,32.48,21.280001,25.66,34.799999,32.970001,33.189999
2006-09-05,63.360001,76.309998,131.669998,82.910004,32.380001,57.240002,27.327375,32.549999,21.389999,25.57,34.43,32.82,33.290001
2006-09-06,62.860001,75.919998,130.509995,80.209999,31.98,55.299999,27.238018,32.209999,21.040001,25.5,34.299999,32.700001,32.880001
2006-09-07,61.25,75.43,129.910004,80.199997,31.629999,55.349998,27.026808,32.130001,20.92,25.41,34.349998,32.459999,32.990002
2006-09-08,60.639999,76.199997,130.279999,78.529999,31.75,53.950001,27.181154,32.189999,21.09,25.540001,34.349998,32.720001,33.290001
2006-09-11,58.5,76.309998,130.410004,75.839996,30.9,52.279999,27.197399,32.220001,21.27,25.73,34.23,32.93,33.549999
2006-09-12,58.32,77.300003,131.690002,75.300003,31.26,51.950001,27.546709,32.52,21.639999,25.74,34.049999,33.310001,34.330002
2006-09-13,58.619999,78.0,132.220001,76.879997,31.48,53.029999,27.749798,32.849998,21.639999,25.549999,34.119999,33.240002,34.470001
2006-09-14,57.189999,78.0,132.229996,75.300003,31.379999,51.849998,27.814785,32.700001,21.690001,25.68,33.98,33.200001,34.380001
2006-09-15,57.400002,78.199997,131.960007,75.290001,31.17,51.849998,27.741673,32.73,21.700001,25.58,33.720001,33.139999,34.459999
2006-09-18,58.23,77.75,132.139999,77.080002,31.549999,53.099998,27.709181,32.810001,21.690001,25.48,33.619999,33.130001,34.279999
2006-09-19,56.919998,78.25,131.809998,75.900002,31.15,52.299999,27.757919,32.68,21.59,25.540001,33.689999,33.18,34.349998
2006-09-20,57.259998,78.0,132.509995,74.050003,31.42,50.900002,27.944759,32.860001,21.940001,25.690001,33.639999,33.310001,34.599998
2006-09-21,57.950001,77.199997,131.869995,75.139999,31.139999,51.549999,27.749798,32.549999,21.73,25.459999,33.59,33.099998,34.41
2006-09-22,58.5,77.599998,131.470001,74.540001,31.110001,51.330002,27.798538,32.389999,21.6,25.48,33.549999,32.889999,34.380001
2006-09-25,58.5,77.550003,132.479996,74.449997,31.280001,51.400002,28.082859,32.779999,21.99,25.32,34.02,33.02,34.91
2006-09-26,58.740002,76.849998,133.580002,76.169998,31.9,52.529999,28.237206,33.189999,22.129999,25.35,33.970001,33.049999,35.209999
2006-09-27,59.810001,77.519997,133.740005,77.519997,31.83,53.400002,28.107229,33.27,21.959999,25.51,34.439999,33.139999,35.150002
2006-09-28,59.790001,77.25,133.690002,77.349998,31.92,53.23,28.204712,33.5,22.07,25.450001,34.330002,33.080002,35.139999
2006-09-29,59.470001,77.150002,133.580002,77.900002,31.639999,53.450001,28.123478,33.34,22.0,25.379999,33.990002,33.189999,34.950001
2006-10-02,59.150002,77.129997,133.080002,76.809998,31.700001,52.84,28.058489,33.439999,21.84,25.209999,34.240002,33.0,35.029999
2006-10-03,57.110001,77.879997,133.360001,74.029999,31.280001,50.900002,28.334686,33.650002,21.959999,25.24,34.380001,33.099998,35.330002
2006-10-04,56.369999,78.75,134.919998,75.169998,31.33,51.650002,28.675873,34.150002,22.299999,25.51,34.52,33.389999,35.84
2006-10-05,56.919998,79.230003,135.179993,76.449997,31.83,52.639999,28.659626,34.32,22.290001,25.41,34.41,33.389999,35.939999
2006-10-06,56.990002,78.650002,135.009995,76.610001,31.98,52.689999,28.562145,34.25,22.299999,25.27,34.220001,33.259998,35.869999
2006-10-09,57.200001,79.18,135.089996,75.669998,32.240002,51.900002,28.643379,34.290001,22.360001,25.360001,34.189999,33.189999,36.119999
2006-10-10,57.0,79.209999,135.270004,76.870003,32.389999,52.869999,28.643379,34.34,22.379999,25.27,34.439999,33.049999,36.34
2006-10-11,56.880001,79.0,135.110001,75.830002,32.099998,52.029999,28.570269,34.349998,22.370001,25.309999,34.52,33.040001,36.25
2006-10-12,57.490002,79.75,136.279999,77.370003,32.43,53.25,28.724613,34.639999,22.700001,25.35,34.509998,33.240002,36.73
2006-10-13,58.57,80.519997,136.630005,78.489998,32.75,53.98,28.830219,34.560001,22.809999,25.299999,34.549999,33.130001,36.630001
2006-10-16,59.169998,80.860001,136.839996,80.400002,32.990002,55.25,28.675873,34.790001,22.799999,25.34,34.720001,33.18,36.599998
2006-10-17,58.650002,80.459999,136.410004,79.82,32.759998,54.650002,28.675873,34.599998,22.610001,25.290001,34.869999,33.27,36.470001
2006-10-18,58.59,80.949997,136.589996,79.290001,32.639999,54.299999,28.757109,34.509998,22.549999,25.389999,35.25,33.630001,36.5
2006-10-19,59.41,80.75,136.809998,81.0,32.860001,55.419998,28.570269,34.43,22.620001,25.450001,35.389999,33.599998,36.48
2006-10-20,58.779999,80.650002,136.839996,79.93,32.68,54.700001,28.537773,34.279999,22.76,25.540001,35.610001,33.860001,36.43
2006-10-23,57.759998,81.029999,137.470001,79.790001,32.889999,54.799999,28.724613,34.459999,22.9,25.790001,35.650002,33.950001,36.91
2006-10-24,58.169998,80.800003,137.880005,81.580002,33.27,55.799999,28.716492,34.48,22.74,25.709999,35.68,33.84,37.049999
2006-10-25,58.759998,81.209999,138.350006,82.959999,33.240002,56.759998,28.838343,34.509998,22.940001,25.879999,36.060001,33.639999,36.919998
2006-10-26,59.290001,82.0,138.779999,82.779999,33.310001,56.630001,29.04143,34.5,23.059999,26.049999,35.900002,33.77,37.43
2006-10-27,59.400002,81.470001,137.910004,82.199997,33.389999,56.169998,28.822096,34.25,22.76,25.959999,35.77,33.630001,37.060001
2006-10-30,59.900002,82.25,137.809998,80.940002,33.48,55.16,28.830219,34.360001,22.84,25.85,35.75,33.439999,37.290001
2006-10-31,60.240002,82.150002,137.789993,81.529999,33.540001,55.73,28.781479,34.279999,22.870001,25.83,35.790001,33.299999,37.209999
2006-11-01,61.360001,81.449997,136.860001,80.860001,33.279999,55.16,28.602762,34.110001,22.77,25.629999,36.009998,33.060001,36.919998
2006-11-02,61.919998,79.879997,136.779999,80.860001,33.389999,55.380001,28.521526,33.990002,22.629999,25.59,35.84,33.240002,36.880001
2006-11-03,62.299999,79.099998,136.539993,82.470001,33.279999,56.599998,28.521526,33.919998,22.629999,25.469999,35.580002,33.07,36.599998
2006-11-06,61.889999,79.779999,138.080002,83.379997,33.689999,57.009998,28.854589,34.220001,22.9,25.559999,35.419998,33.470001,37.049999
2006-11-07,62.040001,79.029999,138.610001,82.5,33.580002,56.57,28.919579,34.610001,23.02,25.6,35.299999,33.73,37.150002
2006-11-08,61.110001,79.209999,138.910004,84.099998,33.66,57.52,29.04143,34.66,23.040001,25.690001,35.650002,33.220001,37.330002
2006-11-09,62.950001,79.410004,138.179993,84.879997,34.029999,58.0,28.846466,34.450001,23.030001,25.540001,35.639999,32.439999,37.209999
2006-11-10,62.490002,79.75,138.240005,83.82,33.700001,57.450001,29.082047,34.5,23.09,25.549999,35.91,32.490002,37.330002
2006-11-13,62.189999,79.889999,138.580002,83.940002,34.029999,57.349998,29.049553,34.77,23.290001,25.469999,35.900002,32.549999,37.380001
2006-11-14,61.630001,80.720001,139.619995,84.279999,34.02,57.689999,29.220146,34.880001,23.459999,25.540001,35.990002,32.82,37.790001
2006-11-15,61.84,80.900002,140.020004,85.230003,34.16,58.23,29.179529,35.220001,23.51,25.67,35.869999,32.98,37.93
2006-11-16,61.310001,81.300003,140.380005,82.809998,33.98,56.630001,29.463852,35.380001,23.6,25.85,36.0,33.119999,38.18
2006-11-17,61.779999,81.199997,140.419998,83.550003,33.830002,57.099998,29.244516,35.400002,23.639999,25.889999,36.040001,33.220001,38.110001
2006-11-20,61.77,83.769997,140.5,83.379997,34.48,56.950001,29.431356,35.279999,23.639999,25.809999,35.919998,33.139999,37.959999
2006-11-21,62.27,85.199997,140.639999,84.989998,34.57,58.0,29.382616,35.400002,23.629999,25.77,35.98,33.09,38.07
2006-11-22,62.5,85.440002,140.919998,84.540001,35.049999,57.66,29.41511,35.540001,23.809999,25.83,36.060001,33.16,38.150002
2006-11-24,63.5,85.849998,140.350006,84.260002,35.080002,57.540001,29.268887,35.470001,23.76,25.73,36.200001,33.02,37.950001
2006-11-27,63.700001,83.519997,138.419998,83.760002,34.5,57.279999,28.813972,34.900002,23.200001,25.41,35.799999,32.799999,37.400002
2006-11-28,63.57,83.75,139.020004,85.300003,34.639999,58.200001,28.862713,34.860001,23.32,25.52,36.060001,32.869999,37.380001
2006-11-29,63.16,85.0,140.470001,87.849998,34.93,60.049999,29.04143,35.139999,23.469999,25.74,36.509998,33.099998,37.639999
2006-11-30,64.389999,85.949997,140.529999,88.589996,35.0,60.509998,28.984566,35.119999,23.52,25.610001,36.740002,33.259998,37.68
2006-12-01,64.120003,85.75,140.220001,88.910004,34.720001,60.720001,28.813972,34.919998,23.32,25.530001,36.720001,33.23,37.630001
2006-12-04,64.120003,86.849998,141.289993,88.839996,35.23,60.630001,29.220146,35.369999,23.620001,25.9,37.009998,33.07,38.029999
2006-12-05,63.810001,86.220001,141.899994,89.160004,35.380001,60.869999,29.358246,35.450001,23.629999,26.040001,37.099998,33.200001,38.349998
2006-12-06,62.689999,86.129997,141.779999,88.900002,35.240002,60.700001,29.398863,35.330002,23.48,26.07,36.919998,33.25,38.32
2006-12-07,62.73,85.199997,141.160004,88.43,35.459999,60.34,29.32575,35.27,23.389999,26.02,36.880001,33.18,38.139999
2006-12-08,62.049999,85.239998,141.419998,88.379997,35.549999,60.27,29.41511,35.310001,23.389999,26.07,36.77,33.240002,38.220001
2006-12-11,62.57,85.699997,141.830002,88.230003,35.419998,60.119999,29.577579,35.150002,23.530001,26.120001,36.970001,33.310001,38.360001
2006-12-12,62.52,85.309998,141.720001,88.139999,35.02,60.259998,29.60195,35.209999,23.450001,26.059999,37.110001,33.32,38.150002
2006-12-13,62.48,84.839996,141.869995,88.940002,35.23,60.869999,29.634443,35.09,23.49,26.049999,37.25,33.25,38.349998
2006-12-14,62.119999,85.0,143.119995,90.5,35.490002,61.75,29.886271,35.290001,23.690001,26.15,37.310001,33.419998,38.75
2006-12-15,61.0,84.5,142.339996,89.599998,35.369999,61.009998,29.731924,35.200001,23.559999,26.059999,36.939999,33.41,38.450001
2006-12-18,61.040001,84.25,141.949997,86.050003,35.009998,59.25,29.878147,35.240002,23.469999,26.040001,36.68,33.48,38.419998
2006-12-19,61.799999,83.599998,142.220001,87.32,35.27,60.259998,29.853777,35.25,23.32,26.059999,36.84,33.650002,38.439999
2006-12-20,61.619999,83.199997,142.139999,86.080002,35.099998,59.439999,29.95126,35.299999,23.33,26.08,36.720001,33.669998,38.43
2006-12-21,61.380001,82.400002,141.619995,85.620003,34.68,59.16,29.821283,35.23,23.219999,26.09,36.700001,33.580002,38.259998
2006-12-22,61.650002,81.760002,140.75,84.949997,34.490002,58.59,29.67506,35.009998,23.040001,26.07,36.57,33.439999,38.23
2006-12-26,61.98,82.580002,141.580002,84.870003,34.790001,58.66,29.943136,35.18,23.17,26.17,36.75,33.459999,38.349998
2006-12-27,62.220001,83.300003,142.509995,85.860001,35.130001,59.349998,30.154346,35.360001,23.34,26.26,36.950001,33.619999,38.599998
2006-12-28,62.900002,83.550003,142.210007,85.870003,35.080002,59.220001,30.016247,35.240002,23.33,26.25,36.73,33.580002,38.560001
2006-12-29,63.209999,83.349998,141.619995,85.010002,34.84,58.630001,29.845654,35.009998,23.26,26.120001,36.720001,33.490002,38.360001
2007-01-03,62.279999,83.870003,141.369995,81.760002,34.610001,56.580002,29.991877,35.23,23.33,26.290001,36.82,33.5,38.52
2007-01-04,61.650002,83.849998,141.669998,80.080002,34.450001,55.549999,29.894396,35.080002,23.690001,26.33,36.77,33.880001,38.509998
2007-01-05,60.169998,82.550003,140.539993,80.690002,34.220001,55.919998,29.658813,34.959999,23.5,26.139999,36.110001,33.689999,38.25
2007-01-08,60.48,82.529999,141.190002,80.739998,34.220001,55.919998,29.78879,35.09,23.57,26.18,36.09,33.73,38.310001
2007-01-09,60.849998,83.5,141.070007,79.879997,34.23,55.439999,29.740049,35.07,23.6,26.24,36.119999,33.689999,38.52
2007-01-10,60.59,84.830002,141.539993,78.760002,34.470001,54.369999,29.83753,35.189999,23.719999,26.35,36.130001,33.75,38.720001
2007-01-11,60.630001,85.800003,142.160004,78.129997,34.84,54.060001,30.02437,35.48,23.959999,26.549999,36.169998,34.119999,39.150002
2007-01-12,62.169998,86.099998,143.240005,80.139999,35.23,55.439999,30.056864,35.580002,24.02,26.51,35.869999,34.279999,39.259998
2007-01-16,61.970001,87.089996,142.960007,79.309998,35.32,54.869999,30.1381,35.77,23.969999,26.530001,35.98,34.360001,39.400002
2007-01-17,62.639999,87.349998,143.020004,80.160004,35.439999,55.48,30.056864,35.799999,23.66,26.610001,36.060001,34.560001,39.400002
2007-01-18,62.259998,87.050003,142.539993,79.550003,35.23,55.07,29.935013,35.639999,23.389999,26.57,36.040001,34.66,39.619999
2007-01-19,63.0,87.82,142.820007,81.57,35.77,56.580002,30.02437,35.619999,23.379999,26.610001,36.049999,34.669998,39.610001
2007-01-22,62.720001,87.550003,142.380005,81.309998,35.400002,56.189999,30.0,35.23,23.209999,26.58,36.040001,34.459999,39.360001
2007-01-23,64.230003,87.800003,142.800003,83.230003,35.849998,57.650002,29.983753,35.639999,23.209999,26.629999,36.25,34.279999,39.5
2007-01-24,64.330002,89.0,143.949997,83.730003,36.220001,57.900002,30.292444,35.540001,23.629999,26.73,36.369999,34.540001,39.650002
2007-01-25,64.059998,89.529999,142.259995,82.07,36.099998,56.709999,29.853777,35.349998,23.34,26.559999,36.34,34.419998,39.02
2007-01-26,64.169998,89.800003,142.130005,82.269997,36.080002,56.849998,29.910643,35.209999,23.35,26.49,36.25,34.23,38.830002
2007-01-29,63.77,90.059998,142.050003,81.940002,35.939999,56.57,29.76442,35.290001,23.450001,26.559999,36.369999,34.18,38.93
2007-01-30,64.220001,90.370003,142.789993,83.650002,36.040001,57.720001,29.878147,35.27,23.59,26.540001,36.48,34.349998,39.040001
2007-01-31,64.830002,91.400002,143.75,84.080002,36.25,58.09,30.121853,35.740002,23.73,26.65,36.59,34.509998,39.459999
2007-02-01,65.220001,91.349998,144.610001,84.949997,36.689999,58.299999,30.316816,36.049999,23.629999,26.75,36.900002,34.799999,39.599998
2007-02-02,64.279999,92.0,144.809998,85.190002,36.630001,58.630001,30.37368,36.189999,23.75,26.799999,37.099998,34.73,39.709999
2007-02-05,64.309998,91.940002,144.850006,84.860001,36.48,58.57,30.365557,36.259998,23.690001,26.709999,37.5,34.720001,39.580002
2007-02-06,64.790001,93.199997,144.889999,84.760002,36.73,58.389999,30.503656,36.27,23.66,26.67,37.700001,34.619999,39.720001
2007-02-07,64.629997,94.57,145.210007,84.269997,36.73,58.040001,30.617384,36.240002,23.77,26.610001,37.84,34.669998,39.91
2007-02-08,65.519997,93.849998,145.020004,85.279999,36.77,58.630001,30.519903,35.990002,23.799999,26.559999,37.91,34.639999,39.830002
2007-02-09,66.120003,92.519997,143.940002,84.730003,36.599998,58.389999,30.194963,35.849998,23.540001,26.52,38.040001,34.540001,39.459999
2007-02-12,65.669998,90.970001,143.449997,83.639999,36.75,57.580002,30.121853,35.91,23.440001,26.459999,37.900002,34.389999,39.27
2007-02-13,65.839996,92.589996,144.660004,84.790001,37.490002,58.419998,30.341187,36.200001,23.530001,26.549999,38.23,34.529999,39.610001
2007-02-14,66.370003,92.019997,145.610001,85.07,37.720001,58.43,30.633631,36.73,23.860001,26.709999,38.5,34.709999,39.82
2007-02-15,66.410004,92.779999,145.800003,84.160004,37.900002,57.990002,30.682371,36.810001,23.950001,26.870001,38.169998,34.869999,39.950001
2007-02-16,66.360001,92.459999,145.729996,84.139999,37.709999,58.0,30.67425,36.66,23.9,26.91,38.240002,34.73,39.900002
2007-02-20,65.309998,93.239998,146.039993,83.5,38.02,57.349998,30.836718,36.720001,23.91,27.049999,38.34,34.75,40.189999
2007-02-21,67.349998,92.75,145.979996,84.300003,38.259998,57.98,30.706741,36.82,23.870001,26.9,38.18,34.59,40.029999
2007-02-22,67.150002,92.279999,145.869995,85.349998,38.25,58.5,30.58489,36.700001,24.0,26.799999,38.23,34.540001,39.939999
2007-02-23,67.720001,90.970001,145.300003,85.5,38.400002,58.650002,30.30057,36.599998,23.98,26.82,38.669998,34.389999,39.849998
2007-02-26,68.099998,90.379997,145.169998,86.190002,38.75,59.0,30.081236,36.389999,23.92,26.809999,39.59,34.529999,39.509998
2007-02-27,65.410004,87.449997,139.5,82.900002,37.18,56.650002,28.675873,35.299999,23.0,26.200001,38.150002,33.48,38.150002
2007-02-28,66.480003,88.129997,140.929993,82.910004,37.220001,56.900002,29.203899,35.34,23.09,26.24,38.529999,33.709999,38.279999
2007-03-01,65.82,87.580002,140.509995,82.860001,37.060001,56.720001,29.171406,35.279999,23.07,26.299999,38.650002,33.560001,38.060001
2007-03-02,63.709999,85.769997,138.669998,81.419998,36.450001,56.049999,28.838343,34.84,22.639999,25.889999,38.049999,33.259998,37.779999
2007-03-05,62.93,82.730003,137.350006,80.419998,35.970001,55.400002,28.383429,34.75,22.690001,25.799999,37.57,33.09,37.279999
2007-03-06,64.150002,85.580002,139.699997,82.029999,36.700001,56.450001,28.976442,35.150002,23.040001,26.0,38.130001,33.439999,37.919998
2007-03-07,64.300003,84.360001,139.559998,83.25,36.52,57.150002,28.805849,35.009998,22.75,25.9,38.049999,33.450001,37.880001
2007-03-08,64.480003,85.709999,140.740005,83.599998,36.880001,57.650002,29.0658,35.27,22.940001,26.139999,38.25,33.560001,38.18
2007-03-09,64.25,86.760002,140.779999,83.5,37.310001,57.400002,29.13891,35.450001,23.0,26.219999,38.200001,33.630001,38.259998
2007-03-12,64.370003,87.199997,140.990005,83.150002,37.43,57.32,29.13891,35.619999,23.139999,26.25,38.580002,33.630001,38.209999
2007-03-13,63.720001,84.900002,138.25,82.099998,36.52,56.549999,28.269699,35.02,22.77,25.75,38.060001,33.080002,37.509998
2007-03-14,63.939999,85.300003,139.279999,83.209999,36.75,57.200001,28.334686,35.16,22.98,25.799999,38.25,33.209999,37.439999
2007-03-15,63.98,85.940002,139.470001,83.029999,37.450001,57.189999,28.675873,35.200001,22.99,26.129999,38.740002,33.290001,37.52
2007-03-16,64.620003,85.459999,138.529999,82.339996,37.099998,56.389999,28.448416,35.25,22.950001,25.93,38.400002,33.200001,37.32
2007-03-19,64.739998,86.32,140.199997,83.839996,37.650002,57.290001,28.635256,35.5,23.1,26.1,38.68,33.459999,37.869999
2007-03-20,65.269997,86.599998,140.970001,84.300003,37.810001,57.700001,28.895206,35.59,23.25,26.35,39.240002,33.630001,38.150002
2007-03-21,65.82,87.82,143.289993,85.809998,38.240002,58.740002,29.553209,36.080002,23.719999,26.6,39.700001,33.970001,38.75
2007-03-22,65.760002,87.75,143.179993,87.32,38.060001,59.919998,29.374493,36.150002,23.629999,26.73,39.66,34.09,38.639999
2007-03-23,65.150002,87.050003,143.389999,87.879997,38.220001,60.220001,29.406986,36.360001,23.57,26.790001,39.849998,33.919998,38.66
2007-03-26,65.839996,85.699997,143.199997,88.459999,38.490002,60.639999,29.260763,36.060001,23.6,26.6,40.02,33.970001,38.470001
2007-03-27,65.699997,84.989998,142.860001,88.519997,38.07,60.75,29.082047,35.889999,23.610001,26.48,39.959999,33.73,38.23
2007-03-28,66.050003,84.0,141.820007,88.330002,37.689999,60.740002,28.716492,35.599998,23.34,26.43,39.880001,33.5,37.799999
2007-03-29,65.650002,84.449997,141.970001,89.110001,37.98,61.119999,28.862713,35.59,23.370001,26.58,40.110001,33.66,37.93
2007-03-30,65.739998,85.239998,142.0,88.160004,38.049999,60.279999,28.943949,35.549999,23.32,26.65,39.700001,33.650002,38.029999
2007-04-02,65.849998,86.25,142.160004,89.059998,38.040001,60.869999,28.675873,35.610001,23.440001,26.719999,40.650002,33.830002,38.16
2007-04-03,65.830002,87.0,143.690002,89.25,38.450001,61.25,29.033306,35.860001,23.629999,26.9,40.700001,34.18,38.650002
2007-04-04,66.809998,86.43,143.850006,89.739998,38.509998,61.349998,29.033306,35.720001,23.77,27.02,40.52,34.380001,38.540001
2007-04-05,66.860001,86.5,144.240005,90.120003,38.459999,61.75,29.049553,35.830002,23.860001,27.09,40.700001,34.619999,38.849998
2007-04-09,66.529999,86.440002,144.440002,90.050003,39.049999,61.52,29.04143,35.790001,23.860001,27.02,41.0,34.630001,38.82
2007-04-10,67.160004,86.660004,144.610001,91.440002,38.619999,62.450001,29.171406,35.779999,23.84,27.15,41.009998,34.68,38.900002
2007-04-11,67.080002,85.5,144.020004,90.910004,38.450001,62.07,28.927702,35.639999,23.620001,26.969999,40.91,34.529999,38.599998
2007-04-12,66.989998,85.050003,144.660004,92.239998,38.790001,63.02,28.87896,36.07,23.870001,27.0,40.73,34.919998,38.869999
2007-04-13,67.839996,85.980003,145.320007,92.389999,38.880001,63.049999,29.000813,36.060001,23.889999,27.09,40.720001,35.43,38.900002
2007-04-16,68.400002,85.959999,146.699997,92.959999,39.400002,63.419998,29.707556,36.349998,24.09,27.15,40.959999,35.77,39.290001
2007-04-17,68.0,87.190002,147.089996,92.510002,39.029999,63.060001,29.69943,36.349998,24.139999,27.4,41.150002,35.880001,39.450001
2007-04-18,68.379997,86.879997,147.270004,91.830002,38.82,62.84,30.040617,36.450001,24.08,27.33,41.450001,35.869999,39.419998
2007-04-19,67.529999,86.129997,147.229996,90.800003,38.68,61.959999,30.0,36.57,24.09,27.35,41.25,36.02,39.110001
2007-04-20,68.699997,87.07,148.619995,92.349998,39.080002,63.099998,30.154346,36.82,24.23,27.6,41.57,36.16,39.57
2007-04-23,68.260002,87.809998,148.059998,92.440002,39.07,63.169998,30.073111,36.959999,24.18,27.540001,41.880001,36.200001,39.490002
2007-04-24,67.730003,87.209999,148.119995,92.160004,38.91,62.98,29.983753,36.849998,24.309999,27.530001,42.18,36.200001,39.349998
2007-04-25,67.889999,87.330002,149.479996,93.949997,39.529999,64.160004,30.389927,37.23,24.49,27.67,42.299999,36.310001,39.75
2007-04-26,66.870003,87.449997,149.649994,94.190002,39.369999,64.139999,30.341187,37.209999,24.629999,27.559999,42.16,36.349998,39.689999
2007-04-27,67.559998,87.160004,149.529999,94.099998,39.34,64.129997,30.30057,37.639999,24.610001,27.5,41.810001,36.23,39.43
2007-04-30,67.089996,85.489998,148.289993,92.889999,38.619999,63.369999,30.064987,37.200001,24.42,27.4,41.650002,36.110001,38.93
2007-05-01,66.690002,85.040001,148.669998,93.209999,38.459999,63.650002,30.121853,37.43,24.540001,27.290001,41.990002,36.189999,39.040001
2007-05-02,66.660004,85.739998,149.539993,94.07,38.919998,64.18,30.251827,37.669998,24.67,27.299999,42.220001,36.419998,39.490002
2007-05-03,67.489998,86.080002,150.350006,94.93,39.049999,64.699997,30.536148,37.939999,24.91,27.4,42.169998,36.5,39.41
2007-05-04,68.190002,85.650002,150.919998,94.860001,39.400002,64.650002,30.641754,37.98,25.01,27.4,42.09,36.700001,39.5
2007-05-07,68.25,85.730003,150.949997,94.980003,39.919998,64.82,30.682371,38.080002,24.98,27.450001,42.59,36.779999,39.5
2007-05-08,67.879997,85.169998,150.75,94.900002,39.950001,64.830002,30.617384,38.060001,25.08,27.26,42.400002,36.639999,39.330002
2007-05-09,67.449997,86.160004,151.160004,95.029999,40.119999,64.800003,30.779854,38.16,25.049999,27.299999,42.43,36.759998,39.57
2007-05-10,66.0,85.300003,149.580002,93.25,39.349998,63.75,30.341187,37.900002,24.92,27.129999,42.0,36.110001,39.139999
2007-05-11,66.449997,86.25,150.860001,95.279999,39.810001,65.209999,30.666124,38.189999,25.190001,27.200001,42.200001,36.25,39.299999
2007-05-14,66.279999,85.349998,150.529999,95.529999,39.759998,65.230003,30.519903,38.02,25.07,27.1,42.369999,36.209999,39.299999
2007-05-15,66.540001,84.199997,150.570007,95.379997,40.009998,65.449997,30.446791,38.119999,25.030001,27.280001,42.599998,36.169998,39.16
2007-05-16,65.599998,83.419998,151.600006,95.879997,40.150002,65.699997,30.796101,38.310001,25.25,27.559999,42.700001,36.580002,39.299999
2007-05-17,65.059998,81.919998,151.300003,97.400002,40.130001,66.75,30.641754,38.380001,25.18,27.49,42.599998,36.439999,39.360001
2007-05-18,65.519997,81.209999,152.619995,98.919998,40.279999,67.830002,30.722988,38.25,25.309999,27.690001,42.830002,36.59,39.720001
2007-05-21,65.669998,81.769997,152.539993,99.860001,40.34,68.400002,30.755484,38.470001,25.42,27.48,42.77,36.669998,39.869999
2007-05-22,65.199997,82.620003,152.419998,99.019997,40.099998,67.760002,30.779854,38.389999,25.389999,27.530001,42.689999,36.650002,39.830002
2007-05-23,65.540001,81.970001,152.440002,99.32,40.279999,67.900002,30.755484,38.580002,25.299999,27.450001,42.02,36.779999,39.849998
2007-05-24,64.75,80.720001,151.059998,97.589996,39.849998,66.660004,30.479284,38.27,24.98,27.33,41.080002,36.639999,39.529999
2007-05-25,64.940002,81.230003,151.690002,98.989998,40.32,67.699997,30.536148,38.5,25.190001,27.5,41.099998,36.619999,39.669998
2007-05-29,65.07,83.709999,152.240005,98.269997,40.189999,67.25,30.666124,38.75,25.34,27.6,41.220001,36.639999,39.639999
2007-05-30,64.720001,85.849998,153.479996,100.279999,40.700001,68.660004,30.877335,38.919998,25.530001,27.73,41.73,36.650002,40.0
2007-05-31,65.540001,85.620003,153.320007,99.790001,40.900002,68.300003,30.787977,39.130001,25.65,27.77,41.84,36.73,40.099998
2007-06-01,66.440002,85.580002,154.080002,100.720001,41.470001,68.919998,30.88546,39.279999,25.65,27.9,41.610001,36.77,40.330002
2007-06-04,66.540001,86.120003,154.100006,102.279999,41.220001,70.0,30.844843,39.290001,25.74,28.0,41.450001,36.700001,40.41
2007-06-05,66.370003,84.629997,153.490005,101.830002,41.080002,69.75,30.658003,39.169998,25.65,27.83,40.900002,36.610001,40.169998
2007-06-06,66.410004,84.099998,151.839996,100.580002,40.549999,68.860001,30.39805,38.75,25.35,27.65,40.25,36.27,39.66
2007-06-07,65.260002,81.5,149.100006,98.5,39.639999,67.639999,29.886271,38.119999,24.99,27.299999,39.0,35.73,38.919998
2007-06-08,64.220001,82.839996,151.039993,99.010002,40.400002,67.919998,30.23558,38.650002,25.34,27.459999,39.279999,35.849998,39.419998
2007-06-11,64.699997,81.620003,151.300003,99.690002,40.049999,68.440002,30.37368,38.700001,25.389999,27.610001,39.799999,35.860001,39.290001
2007-06-12,64.099998,79.900002,149.649994,98.68,39.560001,67.599998,29.959383,38.200001,25.09,27.35,39.150002,35.599998,38.970001
2007-06-13,64.529999,81.620003,151.889999,100.540001,40.490002,68.949997,30.528027,39.110001,25.41,27.559999,39.93,35.889999,39.419998
2007-06-14,64.599998,80.779999,152.860001,102.459999,40.799999,70.110001,30.479284,39.310001,25.65,27.6,40.18,35.990002,39.700001
